-- Madrasa Connect BD — Demo Seed Data
-- Idempotent: safe to run multiple times

-- Demo Institutions
insert into public.institutions (id, owner_id, name, type, location, district, established, description, image_url, student_count, verified) values
  ('d290f1ee-6c54-4b01-90e6-d701748f0851', (select id from auth.users limit 1), 'দারুল উলুম মাদ্রাসা', 'Qawmi', 'মোহাম্মদপুর, ঢাকা', 'ঢাকা', '১৯৮৫', 'একটি প্রাচীন কওমি মাদ্রাসা', 'https://picsum.photos/seed/institution1/400/300', 500, true),
  ('d290f1ee-6c54-4b01-90e6-d701748f0852', (select id from auth.users limit 1), 'সরকারি আলিয়া মাদ্রাসা', 'Alia', 'বকশীবাজার, ঢাকা', 'ঢাকা', '১৯৫০', 'সরকারি আলিয়া মাদ্রাসা', 'https://picsum.photos/seed/institution2/400/300', 1200, true),
  ('d290f1ee-6c54-4b01-90e6-d701748f0853', (select id from auth.users limit 1), 'বাইতুল মোকাররম মসজিদ', 'Mosque', 'পল্টন, ঢাকা', 'ঢাকা', '১৯৬০', 'জাতীয় মসজিদ', 'https://picsum.photos/seed/institution3/400/300', 0, true),
  ('d290f1ee-6c54-4b01-90e6-d701748f0854', (select id from auth.users limit 1), 'জামিয়া রহমানিয়া মাদ্রাসা', 'Qawmi', 'মিরপুর, ঢাকা', 'ঢাকা', '১৯৯০', 'প্রমাণ্য কওমি মাদ্রাসা', 'https://picsum.photos/seed/institution4/400/300', 300, true)
on conflict (id) do nothing;

-- Demo Jobs
insert into public.jobs (id, institution_id, posted_by, title, type, location, salary, description, status) values
  ('e290f1ee-6c54-4b01-90e6-d701748f0851', 'd290f1ee-6c54-4b01-90e6-d701748f0851', (select id from auth.users limit 1), 'সিনিয়র শিক্ষক (হাদিস)', 'Teacher', 'মোহাম্মদপুর, ঢাকা', '৪০,০০০ - ৬০,০০০ টাকা', 'হাদিস ও ফিকহ বিভাগে অভিজ্ঞ শিক্ষক প্রয়োজন', 'verified'),
  ('e290f1ee-6c54-4b01-90e6-d701748f0852', 'd290f1ee-6c54-4b01-90e6-d701748f0852', (select id from auth.users limit 1), 'ইমাম ও খতিব', 'Imam', 'বকশীবাজার, ঢাকা', '৫০,০০০ - ৮০,০০০ টাকা', 'জাতীয় মসজিদে ইমাম পদে নিয়োগ', 'verified'),
  ('e290f1ee-6c54-4b01-90e6-d701748f0853', 'd290f1ee-6c54-4b01-90e6-d701748f0853', (select id from auth.users limit 1), 'মুয়াজ্জিন', 'Muazzin', 'পল্টন, ঢাকা', '২০,০০০ - ৩০,০০০ টাকা', 'সুন্দর কণ্ঠের মুয়াজ্জিন প্রয়োজন', 'verified'),
  ('e290f1ee-6c54-4b01-90e6-d701748f0854', 'd290f1ee-6c54-4b01-90e6-d701748f0854', (select id from auth.users limit 1), 'কম্পিউটার শিক্ষক', 'Teacher', 'মিরপুর, ঢাকা', '২৫,০০০ - ৩৫,০০০ টাকা', 'কম্পিউটার বিভাগে শিক্ষক প্রয়োজন', 'verified'),
  ('e290f1ee-6c54-4b01-90e6-d701748f0855', 'd290f1ee-6c54-4b01-90e6-d701748f0851', (select id from auth.users limit 1), 'অফিস সহকারী', 'Staff', 'মোহাম্মদপুর, ঢাকা', '১৫,০০০ - ২০,০০০ টাকা', 'অফিসের কাজে অভিজ্ঞ সহকারী প্রয়োজন', 'pending')
on conflict (id) do nothing;

-- Demo Products
insert into public.products (id, name, price, category, description, image_url) values
  ('f290f1ee-6c54-4b01-90e6-d701748f0851', 'হাতের লেখা ক্যালিগ্রাফি - আয়াতুল কুরসি', 1500.00, 'Calligraphy', 'হাতের লেখা ক্যালিগ্রাফি, ফ্রেমযুক্ত', 'https://picsum.photos/seed/product1/400/300'),
  ('f290f1ee-6c54-4b01-90e6-d701748f0852', 'সুন্নাহ খেজুর (প্যাকেজ)', 350.00, 'Sunnah Food', 'মদিনার খেজুর, ১ কেজি প্যাকেট', 'https://picsum.photos/seed/product2/400/300'),
  ('f290f1ee-6c54-4b01-90e6-d701748f0853', 'তাফসির ইবনে কাসির (সেট)', 2500.00, 'Books', 'তাফসির ইবনে কাসিরের সম্পূর্ণ সেট', 'https://picsum.photos/seed/product3/400/300'),
  ('f290f1ee-6c54-4b01-90e6-d701748f0854', 'মডেস্ট আবায়া - ব্ল্যাক', 1200.00, 'Modest Fashion', 'আরামদায়ক ও ফ্যাশনেবল আবায়া', 'https://picsum.photos/seed/product4/400/300')
on conflict (id) do nothing;

-- Demo Courses
insert into public.courses (id, title, instructor, duration, category, description, thumbnail_url) values
  ('a290f1ee-6c54-4b01-90e6-d701748f0851', 'দীন-১০১: ইসলামের মৌলিক বিষয়', 'মাওলানা আব্দুর রহিম', '৮ সপ্তাহ', 'Deen-101', 'ইসলামের মৌলিক বিষয় নিয়ে সহজ কোর্স', 'https://picsum.photos/seed/course1/400/300'),
  ('a290f1ee-6c54-4b01-90e6-d701748f0852', 'তাজউইদের নিয়মাবলি', 'ক্বারী আব্দুল্লাহ', '১২ সপ্তাহ', 'Tajweed', 'কুরআন তেলাওয়াতের সঠিক নিয়ম', 'https://picsum.photos/seed/course2/400/300'),
  ('a290f1ee-6c54-4b01-90e6-d701748f0853', 'ইতিহাসের আলোকে ইসলাম', 'ড. মুহাম্মদ ইউনূস', '১০ সপ্তাহ', 'History', 'ইসলামের ইতিহাস নিয়ে একটি সিরিজ', 'https://picsum.photos/seed/course3/400/300')
on conflict (id) do nothing;

-- Demo Fatwas
insert into public.fatwas (id, question, category, asked_by, status) values
  ('b290f1ee-6c54-4b01-90e6-d701748f0851', 'টাকা ধার দিয়ে পরে তা ফেরত না পেলে কি করণীয়?', 'Muamalah', (select id from auth.users limit 1), 'pending'),
  ('b290f1ee-6c54-4b01-90e6-d701748f0852', 'মাসিকের সময় রোজা রাখা যাবে কি?', 'Ibadah', (select id from auth.users limit 1), 'pending'),
  ('b290f1ee-6c54-4b01-90e6-d701748f0853', 'স্বামী-স্ত্রীর মধ্যে মতভেদ হলে ইসলাম কী বলে?', 'Family', (select id from auth.users limit 1), 'pending')
on conflict (id) do nothing;

-- Demo Scholars
insert into public.scholars (id, user_id, title, specialization, institution, location, verified) values
  ('c290f1ee-6c54-4b01-90e6-d701748f0851', (select id from auth.users limit 1), 'মুফতি', 'ফিকহ ও হাদিস', 'দারুল উলুম মাদ্রাসা', 'ঢাকা', true)
on conflict (user_id) do nothing;

-- Demo Events
insert into public.events (id, title, description, event_date, type) values
  ('d390f1ee-6c54-4b01-90e6-d701748f0851', 'কুরআন তিলাওয়াত প্রতিযোগিতা', 'বার্ষিক কুরআন তিলাওয়াত প্রতিযোগিতা', '2026-08-15', 'competition'),
  ('d390f1ee-6c54-4b01-90e6-d701748f0852', 'ইসলামিক সেমিনার', 'আধুনিক বিশ্বে ইসলামিক শিক্ষার গুরুত্ব', '2026-09-10', 'seminar')
on conflict (id) do nothing;

-- Demo Forum Posts
insert into public.forum_posts (id, author_id, title, content, likes) values
  ('e490f1ee-6c54-4b01-90e6-d701748f0851', (select id from auth.users limit 1), 'মাদ্রাসার পাঠ্যক্রম নিয়ে আলোচনা', 'আমাদের মাদ্রাসার পাঠ্যক্রম নিয়ে কিছু মতামত...', 12),
  ('e490f1ee-6c54-4b01-90e6-d701748f0852', (select id from auth.users limit 1), 'শিক্ষক নিয়োগের মান', 'শিক্ষক নিয়োগের ক্ষেত্রে কী কী বিষয় দেখা উচিত?', 8)
on conflict (id) do nothing;

-- Demo Sadaqah Projects
insert into public.sadaqah_projects (id, title, institution, category, goal, raised, description) values
  ('f590f1ee-6c54-4b01-90e6-d701748f0851', 'এতিম শিক্ষার্থীদের খাবার তহবিল', 'দারুল উলুম মাদ্রাসা', 'Food', 50000, 32000, 'এতিম শিক্ষার্থীদের জন্য খাবারের ব্যবস্থা'),
  ('f590f1ee-6c54-4b01-90e6-d701748f0852', 'নতুন পাঠাগার নির্মাণ প্রকল্প', 'সরকারি আলিয়া মাদ্রাসা', 'Infrastructure', 200000, 45000, 'একটি আধুনিক পাঠাগার নির্মাণ')
on conflict (id) do nothing;

-- Authentic Knowledge Base: Sources (Quran - All 114 Surahs)
insert into public.sources (id, type, reference, text) values
  ('s-q-001', 'quran', 'সূরা আল-ফাতিহা (১)', 'সমস্ত প্রশংসা আল্লাহর, যিনি সমগ্র বিশ্বজগতের রব'),
  ('s-q-002', 'quran', 'সূরা আল-বাকারাহ (২)', 'আল্লাহ কারো উপর এমন দায়িত্ব চাপান না যা তার সামর্থ্যের বাইরে'),
  ('s-q-003', 'quran', 'সূরা আল-ইমরান (৩)', 'হে মুমিনগণ! ধৈর্য ধারণ কর'),
  ('s-q-004', 'quran', 'সূরা আন-নিসা (৪)', 'নিশ্চয়ই আল্লাহ তোমাদের মধ্যে ন্যায়বিচারের নির্দেশ দেন'),
  ('s-q-005', 'quran', 'সূরা আল-মায়েদা (৫)', 'আজ আমি তোমাদের জন্য তোমাদের দীনকে পূর্ণাঙ্গ করলাম'),
  ('s-q-006', 'quran', 'সূরা আল-আনআম (৬)', 'তিনিই আল্লাহ, আসমান ও যমীনে কোন ইলাহ নেই'),
  ('s-q-007', 'quran', 'সূরা আল-আরাফ (৭)', 'নিশ্চয়ই তোমাদের রব আল্লাহ, যিনি সৃষ্টি করেছেন আসমান ও যমীন'),
  ('s-q-008', 'quran', 'সূরা আল-আনফাল (৮)', 'হে মুমিনগণ! যখন তোমরা আল্লাহর সাহায্য প্রার্থনা করেছিলে'),
  ('s-q-009', 'quran', 'সূরা আত-তাওবা (৯)', 'আল্লাহ এবং তার রাসূলের পক্ষ থেকে সম্পর্কচ্ছেদের ঘোষণা'),
  ('s-q-010', 'quran', 'সূরা ইউনুস (১০)', 'আল্লাহই তোমাদের জীবন দান করেন'),
  ('s-q-011', 'quran', 'সূরা হুদ (১১)', 'তোমরা আল্লাহ ছাড়া কারো ইবাদত করো না'),
  ('s-q-012', 'quran', 'সূরা ইউসুফ (১২)', 'নিশ্চয়ই সবচেয়ে সুন্দর কাহিনী বর্ণনা করছি'),
  ('s-q-013', 'quran', 'সূরা আর-রাদ (১৩)', 'নিশ্চয়ই আল্লাহ কোনো জাতির অবস্থা পরিবর্তন করেন না'),
  ('s-q-014', 'quran', 'সূরা ইবরাহীম (১৪)', 'তোমাদের রবের পথের দিকে আহ্বান কর'),
  ('s-q-015', 'quran', 'সূরা আল-হিজর (১৫)', 'নিশ্চয়ই আমরা যিকির নাযিল করেছি এবং আমরা তা সংরক্ষণকারী'),
  ('s-q-016', 'quran', 'সূরা আন-নাহল (১৬)', 'নিশ্চয়ই আল্লাহ ন্যায়পরায়ণতা ও ইহসানের নির্দেশ দেন'),
  ('s-q-017', 'quran', 'সূরা বনী ইসরাঈল (১৭)', 'সুবহানাল্লাহ যিনি তার বান্দাকে রাতের ভ্রমণ করিয়েছেন'),
  ('s-q-018', 'quran', 'সূরা আল-কাহফ (১৮)', 'যে ব্যক্তি আল্লাহর সাথে সাক্ষাতের আশা রাখে, সে যেন সৎকর্ম করে'),
  ('s-q-019', 'quran', 'সূরা মারইয়াম (১৯)', 'হে ইয়াহইয়া! শক্তভাবে কিতাব গ্রহণ কর'),
  ('s-q-020', 'quran', 'সূরা ত্বোয়া-হা (২০)', 'আমি তোমাকে তোমার রবের যিকিরের জন্য সৃষ্টি করেছি'),
  ('s-q-021', 'quran', 'সূরা আল-আম্বিয়া (২১)', 'আমি তোমাদেরকে রহমত ছাড়া প্রেরণ করিনি'),
  ('s-q-022', 'quran', 'সূরা আল-হজ্জ (২২)', 'হে মানুষ! তোমাদের রবকে ভয় কর'),
  ('s-q-023', 'quran', 'সূরা আল-মুমিনুন (২৩)', 'নিশ্চয়ই মুমিনগণ সফলকাম'),
  ('s-q-024', 'quran', 'সূরা আন-নূর (২৪)', 'আল্লাহ আসমান ও যমীনের নূর'),
  ('s-q-025', 'quran', 'সূরা আল-ফুরকান (২৫)', 'বরকতময় তিনি যিনি ফুরকান নাযিল করেছেন'),
  ('s-q-026', 'quran', 'সূরা আশ-শুআরা (২৬)', 'তোমরা কি শুনছ না?'),
  ('s-q-027', 'quran', 'সূরা আন-নামল (২৭)', 'সুলাইমানের ভাষা বুঝত পিঁপড়াও'),
  ('s-q-028', 'quran', 'সূরা আল-কাসাস (২৮)', 'আমি মুসাকে মায়ের মনে ইঙ্গিত দিলাম'),
  ('s-q-029', 'quran', 'সূরা আল-আনকাবুত (২৯)', 'মানুষ কি মনে করে তাকে ছেড়ে দেওয়া হবে?'),
  ('s-q-030', 'quran', 'সূরা আর-রুম (৩০)', 'আল্লাহর সাহায্যে রোমকরা বিজয়ী হবে'),
  ('s-q-031', 'quran', 'সূরা লুকমান (৩১)', 'হে বৎস! নামাজ কায়েম কর'),
  ('s-q-032', 'quran', 'সূরা আস-সিজদাহ (৩২)', 'তারা শুধু সিজদা করে এবং তাদের রবের প্রশংসা করে'),
  ('s-q-033', 'quran', 'সূরা আল-আহযাব (৩৩)', 'নিশ্চয়ই আল্লাহ ও তার ফেরেশতাগণ নবীর প্রতি দরূদ পাঠান'),
  ('s-q-034', 'quran', 'সূরা সাবা (৩৪)', 'আমার রব! আমার দৃষ্টি প্রশস্ত কর'),
  ('s-q-035', 'quran', 'সূরা ফাতির (৩৫)', 'হে মানুষ! আল্লাহর প্রতিশ্রুতি সত্য'),
  ('s-q-036', 'quran', 'সূরা ইয়াসীন (৩৬)', 'তিনি যখন কিছু করতে চান তখন বলেন "হও"'),
  ('s-q-037', 'quran', 'সূরা আস-সাফফাত (৩৭)', 'নিশ্চয়ই তোমাদের ইলাহ এক'),
  ('s-q-038', 'quran', 'সূরা সোয়াদ (৩৮)', 'ধৈর্য ধারণ কর, আল্লাহই উত্তম ধৈর্যশীল'),
  ('s-q-039', 'quran', 'সূরা আজ-জুমার (৩৯)', 'বলুন: হে আমার বান্দাগণ! আল্লাহর রহমত থেকে নিরাশ হয়ো না'),
  ('s-q-040', 'quran', 'সূরা আল-মুমিন (৪০)', 'হে মুমিনগণ! আমাকে ডাক, আমি সাড়া দেব'),
  ('s-q-041', 'quran', 'সূরা হা-মীম সিজদাহ (৪১)', 'যারা বলে আমাদের রব আল্লাহ, তারাই সঠিক পথে'),
  ('s-q-042', 'quran', 'সূরা আশ-শূরা (৪২)', 'পরামর্শের মাধ্যমে কাজ কর'),
  ('s-q-043', 'quran', 'সূরা আয-যুখরুফ (৪৩)', 'আমি কুরআনকে সহজ করে দিয়েছি উপদেশ গ্রহণের জন্য'),
  ('s-q-044', 'quran', 'সূরা আদ-দুখান (৪৪)', 'আমি কুরআন নাযিল করেছি বরকতময় রাতে'),
  ('s-q-045', 'quran', 'সূরা আল-জাসিয়া (৪৫)', 'আল্লাহর নিদর্শনসমূহ সত্য'),
  ('s-q-046', 'quran', 'সূরা আল-আহকাফ (৪৬)', 'তোমরা তাদের ধৈর্য ধারণ কর যারা তাদের রবকে ডাকে'),
  ('s-q-047', 'quran', 'সূরা মুহাম্মদ (৪৭)', 'যারা আল্লাহকে সাহায্য করবে, আল্লাহ তাদের সাহায্য করবেন'),
  ('s-q-048', 'quran', 'সূরা আল-ফাতহ (৪৮)', 'নিশ্চয়ই আমি তোমাকে দিয়েছি স্পষ্ট বিজয়'),
  ('s-q-049', 'quran', 'সূরা আল-হুজুরাত (৪৯)', 'মুমিনগণ! তোমরা গীবত করো না'),
  ('s-q-050', 'quran', 'সূরা ক্বাফ (৫০)', 'আমি মানুষের সৃষ্টি রহস্য জানি'),
  ('s-q-051', 'quran', 'সূরা আয-যারিয়াত (৫১)', 'আমি জিন ও মানুষকে সৃষ্টি করেছি শুধু আমার ইবাদতের জন্য'),
  ('s-q-052', 'quran', 'সূরা আত-তুর (৫২)', 'তোমরা ধৈর্য ধারণ কর, তোমাদের রবের হুকুমের অপেক্ষায় থাক'),
  ('s-q-053', 'quran', 'সূরা আন-নাজম (৫৩)', 'মানুষ শুধু তার প্রচেষ্টার ফল পায়'),
  ('s-q-054', 'quran', 'সূরা আল-কামার (৫৪)', 'আমি কুরআনকে সহজ করে দিয়েছি উপদেশ গ্রহণের জন্য'),
  ('s-q-055', 'quran', 'সূরা আর-রাহমান (৫৫)', 'অতএব তোমরা তোমাদের রবের কোন কোন নিয়ামতকে অস্বীকার করবে?'),
  ('s-q-056', 'quran', 'সূরা আল-ওয়াকিয়াহ (৫৬)', 'যখন কিয়ামত ঘটবে'),
  ('s-q-057', 'quran', 'সূরা আল-হাদীদ (৫৭)', 'তিনিই প্রথম, তিনিই শেষ'),
  ('s-q-058', 'quran', 'সূরা আল-মুজাদালাহ (৫৮)', 'আল্লাহ তাদের কথা শোনেন যারা তোমার সাথে বিতর্ক করে'),
  ('s-q-059', 'quran', 'সূরা আল-হাশর (৫৯)', 'হে মুমিনগণ! আল্লাহকে ভয় কর'),
  ('s-q-060', 'quran', 'সূরা আল-মুমতাহিনাহ (৬০)', 'তোমরা শত্রুর সঙ্গেও ন্যায়বিচার কর'),
  ('s-q-061', 'quran', 'সূরা আস-সাফ (৬১)', 'তোমরা যা কর না তা বলা কেন?'),
  ('s-q-062', 'quran', 'সূরা আল-জুমুআ (৬২)', 'হে মুমিনগণ! জুমার দিন নামাজের জন্য ত্বরা কর'),
  ('s-q-063', 'quran', 'সূরা আল-মুনাফিকুন (৬৩)', 'মুনাফিকরা যখন আসে তখন বলে আমরা সাক্ষ্য দিই'),
  ('s-q-064', 'quran', 'সূরা আত-তাগাবুন (৬৪)', 'তোমাদের স্ত্রী-সন্তান তোমাদের শত্রু হতে পারে'),
  ('s-q-065', 'quran', 'সূরা আত-তালাক (৬৫)', 'যে আল্লাহকে ভয় করে, তিনি তার জন্য পথ তৈরি করে দেন'),
  ('s-q-066', 'quran', 'সূরা আত-তাহরীম (৬৬)', 'হে নবী! তোমরা আল্লাহর কাছে তওবা কর'),
  ('s-q-067', 'quran', 'সূরা আল-মুলক (৬৭)', 'যিনি সৃষ্টি করেছেন জীবন ও মৃত্যু'),
  ('s-q-068', 'quran', 'সূরা আল-কালাম (৬৮)', 'নূন! কলমের শপথ'),
  ('s-q-069', 'quran', 'সূরা আল-হাক্কাহ (৬৯)', 'নিশ্চয়ই সত্য ঘটবে'),
  ('s-q-070', 'quran', 'সূরা আল-মাআরিজ (৭০)', 'একটি প্রশ্নকর্তা আগত শাস্তি সম্পর্কে জিজ্ঞাসা করছে'),
  ('s-q-071', 'quran', 'সূরা নূহ (৭১)', 'আমি নূহকে পাঠিয়েছিলাম তার সম্প্রদায়ের কাছে'),
  ('s-q-072', 'quran', 'সূরা আল-জিন (৭২)', 'বলুন: আমার কাছে ওহী আসে'),
  ('s-q-073', 'quran', 'সূরা আল-মুজ্জাম্মিল (৭৩)', 'হে বস্ত্রাবৃত! রাতে নামাজে দাঁড়াও'),
  ('s-q-074', 'quran', 'সূরা আল-মুদ্দাসসির (৭৪)', 'হে চাদরাবৃত! উঠুন এবং সতর্ক করুন'),
  ('s-q-075', 'quran', 'সূরা আল-কিয়ামাহ (৭৫)', 'আমি কিয়ামতের দিনের শপথ করি'),
  ('s-q-076', 'quran', 'সূরা আদ-দাহর (৭৬)', 'নিশ্চয়ই আমি মানুষকে সৃষ্টি করেছি মিশ্র শুক্রবিন্দু থেকে'),
  ('s-q-077', 'quran', 'সূরা আল-মুরসালাত (৭৭)', 'প্রেরিত বায়ুর শপথ!'),
  ('s-q-078', 'quran', 'সূরা আন-নাবা (৭৮)', 'তারা কী সম্পর্কে জিজ্ঞাসাবাদ করছে?'),
  ('s-q-079', 'quran', 'সূরা আন-নাযিয়াত (৭৯)', 'শপথ যারা প্রাণপণে টেনে নিয়ে যায়'),
  ('s-q-080', 'quran', 'সূরা আবাসা (৮০)', 'তিনি ভ্রুকুটি করলেন এবং মুখ ফিরিয়ে নিলেন'),
  ('s-q-081', 'quran', 'সূরা আত-তাকভীর (৮১)', 'যখন সূর্য আলো হারাবে'),
  ('s-q-082', 'quran', 'সূরা আল-ইনফিতার (৮২)', 'যখন আসমান বিদীর্ণ হবে'),
  ('s-q-083', 'quran', 'সূরা আল-মুতাফফিফীন (৮৩)', 'দূর্ভোগ তাদের জন্য যারা মাপে কম দেয়'),
  ('s-q-084', 'quran', 'সূরা আল-ইনশিকাক (৮৪)', 'যখন আসমান বিদীর্ণ হবে'),
  ('s-q-085', 'quran', 'সূরা আল-বুরুজ (৮৫)', 'শপথ গ্রহ, যাতে রয়েছে অনেক নক্ষত্রপুঞ্জ'),
  ('s-q-086', 'quran', 'সূরা আত-তারিক (৮৬)', 'শপথ রাতের আগন্তুকের'),
  ('s-q-087', 'quran', 'সূরা আল-আলা (৮৭)', 'তুমি তোমার মহান রবের নামের পবিত্রতা ঘোষণা কর'),
  ('s-q-088', 'quran', 'সূরা আল-গাশিয়াহ (৮৮)', 'তোমার কাছে কি কিয়ামতের সংবাদ এসেছে?'),
  ('s-q-089', 'quran', 'সূরা আল-ফজর (৮৯)', 'শপথ ফজরের সময়ের'),
  ('s-q-090', 'quran', 'সূরা আল-বালাদ (৯০)', 'আমি এই নগরীর শপথ করি'),
  ('s-q-091', 'quran', 'সূরা আশ-শামস (৯১)', 'শপথ সূর্যের ও তার আলোর'),
  ('s-q-092', 'quran', 'সূরা আল-লাইল (৯২)', 'শপথ রাতের যখন তা আচ্ছন্ন করে'),
  ('s-q-093', 'quran', 'সূরা আদ-দুহা (৯৩)', 'শপথ পূর্বাহ্নের'),
  ('s-q-094', 'quran', 'সূরা আল-ইনশিরাহ (৯৪)', 'আমি কি তোমার বক্ষ প্রশস্ত করে দিইনি?'),
  ('s-q-095', 'quran', 'সূরা আত-তীন (৯৫)', 'শপথ ডুমুর ও যয়তুনের'),
  ('s-q-096', 'quran', 'সূরা আল-আলাক (৯৬)', 'পড় তোমার প্রভুর নামে যিনি সৃষ্টি করেছেন'),
  ('s-q-097', 'quran', 'সূরা আল-ক্বদর (৯৭)', 'নিশ্চয়ই আমি কুরআন নাযিল করেছি শবে ক্বদরে'),
  ('s-q-098', 'quran', 'সূরা আল-বাইয়্যিনাহ (৯৮)', 'আহলে কিতাব ও মুশরিকরা পর্যন্ত বিচ্ছিন্ন হয়নি'),
  ('s-q-099', 'quran', 'সূরা আয-যালযালাহ (৯৯)', 'যখন পৃথিবী তার প্রলয়ঙ্করী কম্পনে প্রকম্পিত হবে'),
  ('s-q-100', 'quran', 'সূরা আল-আদিয়াত (১০০)', 'শপথ উর্ধ্বশ্বাসে ধাবমান অশ্বের'),
  ('s-q-101', 'quran', 'সূরা আল-কারিয়াহ (১০১)', 'মহাসংকট! কী সেই মহাসংকট?'),
  ('s-q-102', 'quran', 'সূরা আত-তাকাসুর (১০২)', 'প্রাচুর্যের প্রতিযোগিতা তোমাদেরকে গাফেল রাখে'),
  ('s-q-103', 'quran', 'সূরা আল-আসর (১০৩)', 'শপথ সময়ের, নিশ্চয়ই মানুষ ক্ষতির মধ্যে রয়েছে'),
  ('s-q-104', 'quran', 'সূরা আল-হুমাযাহ (১০৪)', 'দূর্ভোগ প্রতিটি পিছনে নিন্দাকারীর'),
  ('s-q-105', 'quran', 'সূরা আল-ফীল (১০৫)', 'তুমি কি দেখনি তোমার রব হাতি ওয়ালাদের সাথে কী করেছিলেন?'),
  ('s-q-106', 'quran', 'সূরা কুরাইশ (১০৬)', 'কুরাইশের নিরাপত্তার কারণে'),
  ('s-q-107', 'quran', 'সূরা আল-মাউন (১০৭)', 'তুমি কি তাকে দেখেছি যে দীনকে অস্বীকার করে?'),
  ('s-q-108', 'quran', 'সূরা আল-কাওসার (১০৮)', 'নিশ্চয়ই আমি তোমাকে কাওসার দান করেছি'),
  ('s-q-109', 'quran', 'সূরা আল-কাফিরুন (১০৯)', 'বলুন: হে কাফিরগণ!'),
  ('s-q-110', 'quran', 'সূরা আন-নাসর (১১০)', 'যখন আল্লাহর সাহায্য ও বিজয় আসবে'),
  ('s-q-111', 'quran', 'সূরা আল-মাসাদ (১১১)', 'আবু লাহাবের হাত ধ্বংস হোক'),
  ('s-q-112', 'quran', 'সূরা আল-ইখলাস (১১২)', 'বলুন: তিনি আল্লাহ, এক'),
  ('s-q-113', 'quran', 'সূরা আল-ফালাক (১১৩)', 'বলুন: আমি আশ্রয় চাই প্রভাতের প্রতিপালকের'),
  ('s-q-114', 'quran', 'সূরা আন-নাস (১১৪)', 'বলুন: আমি আশ্রয় চাই মানুষের প্রতিপালকের'),
  ('s-h-001', 'hadith', 'সহীহ বুখারী', 'ইমাম বুখারী সংকলিত সর্বাধিক নির্ভরযোগ্য হাদিস গ্রন্থ'),
  ('s-h-002', 'hadith', 'সহীহ মুসলিম', 'ইমাম মুসলিম সংকলিত হাদিস গ্রন্থ'),
  ('s-h-003', 'hadith', 'সুনানে আবু দাউদ', 'ইমাম আবু দাউদ সংকলিত হাদিস গ্রন্থ'),
  ('s-h-004', 'hadith', 'সুনানে তিরমিজি', 'ইমাম তিরমিজি সংকলিত হাদিস গ্রন্থ'),
  ('s-h-005', 'hadith', 'সুনানে নাসাই', 'ইমাম নাসাই সংকলিত হাদিস গ্রন্থ'),
  ('s-h-006', 'hadith', 'সুনানে ইবনে মাজাহ', 'ইমাম ইবনে মাজাহ সংকলিত হাদিস গ্রন্থ'),
  ('s-h-007', 'hadith', 'মুয়াত্তা ইমাম মালিক', 'ইমাম মালিক সংকলিত হাদিস গ্রন্থ'),
  ('s-h-008', 'hadith', 'মিশকাতুল মাসাবীহ', 'ইমাম বাগাভি ও তাবরিজি সংকলিত হাদিস গ্রন্থ'),
  ('s-b-001', 'scholarly', 'তাফসির ইবনে কাসির', 'ইমাম ইবনে কাসিরের প্রসিদ্ধ তাফসির'),
  ('s-b-002', 'scholarly', 'তাফসির ফি যিলালিল কুরআন', 'সাইয়িদ কুতুবের তাফসির'),
  ('s-b-003', 'scholarly', 'ফিকহুস সুন্নাহ', 'সাইয়িদ সাবেকের ফিকহ গ্রন্থ')
on conflict (id) do nothing;

-- Connect courses to sources (many-to-many)
insert into public.content_sources (source_id, content_type, content_id) values
  ('s-q-001', 'course', 'a290f1ee-6c54-4b01-90e6-d701748f0851'),
  ('s-q-002', 'course', 'a290f1ee-6c54-4b01-90e6-d701748f0851'),
  ('s-q-036', 'course', 'a290f1ee-6c54-4b01-90e6-d701748f0851'),
  ('s-h-001', 'course', 'a290f1ee-6c54-4b01-90e6-d701748f0852'),
  ('s-h-002', 'course', 'a290f1ee-6c54-4b01-90e6-d701748f0852'),
  ('s-h-008', 'course', 'a290f1ee-6c54-4b01-90e6-d701748f0852'),
  ('s-b-001', 'course', 'a290f1ee-6c54-4b01-90e6-d701748f0853'),
  ('s-b-002', 'course', 'a290f1ee-6c54-4b01-90e6-d701748f0853'),
  ('s-b-003', 'course', 'a290f1ee-6c54-4b01-90e6-d701748f0853'),
  ('s-q-067', 'course', 'a290f1ee-6c54-4b01-90e6-d701748f0853'),
  ('s-q-097', 'course', 'a290f1ee-6c54-4b01-90e6-d701748f0852'),
  ('s-q-103', 'course', 'a290f1ee-6c54-4b01-90e6-d701748f0851')
on conflict (source_id, content_type, content_id) do nothing;

-- Demo Badges (Gamification)
insert into public.badges (id, name, description, icon, xp_required) values
  ('b-001', 'প্রথম ফতোয়া', 'আপনার প্রথম প্রশ্ন জমা দিন', '📩', 0),
  ('b-002', 'স্কলার ভেরিফায়েড', 'ভেরিফায়েড স্কলার হন', '✅', 100),
  ('b-003', 'চাকরি প্রার্থী', '৫টি চাকরিতে আবেদন করুন', '💼', 50),
  ('b-004', 'কোর্স গ্র্যাজুয়েট', 'একটি কোর্স সম্পূর্ণ করুন', '🎓', 250),
  ('b-005', 'কমিউনিটি হেল্পার', '১০টি ফতোয়ার উত্তর দিন', '🤝', 500),
  ('b-006', 'টপ কন্ট্রিবিউটর', 'লেভেল ১০ এ পৌঁছান', '👑', 900)
on conflict (id) do nothing;

-- Demo XP for test user
insert into public.user_xp (id, user_id, xp, level) values
  ('xp-001', (select id from auth.users limit 1), 450, 3)
on conflict (user_id) do nothing;

-- Demo User Badge
insert into public.user_badges (id, user_id, badge_id) values
  ('ub-001', (select id from auth.users limit 1), 'b-001')
on conflict (user_id, badge_id) do nothing;

-- Demo XP Events
insert into public.xp_events (id, user_id, action, xp) values
  ('xe-001', (select id from auth.users limit 1), 'ask_fatwa', 10),
  ('xe-002', (select id from auth.users limit 1), 'enroll_course', 25),
  ('xe-003', (select id from auth.users limit 1), 'forum_post', 15)
on conflict (id) do nothing;

-- Demo Scholar Application
insert into public.scholar_applications (id, user_id, title, specialization, institution, location, bio, credentials, references, status) values
  ('s-app-001', (select id from auth.users limit 1), 'মুফতি', 'ফিকহ ও হাদিস', 'দারুল উলুম মাদ্রাসা', 'ঢাকা', '১০ বছরের বেশি শিক্ষাদানের অভিজ্ঞতা। ফিকহ ও হাদিস বিষয়ে বিশেষজ্ঞ।', '{দাওরায়ে হাদিস, জামিয়া ইসলামিয়া,ফিকহ স্পেশালাইজেশন, মদিনা বিশ্ববিদ্যালয়}', '{মাওলানা আব্দুর রহিম, অধ্যক্ষ, দারুল উলুম}', 'approved')
on conflict (user_id) do nothing;

-- Demo Forum Post Likes
insert into public.forum_post_likes (id, post_id, user_id) values
  ('fl-001', 'e490f1ee-6c54-4b01-90e6-d701748f0851', (select id from auth.users limit 1)),
  ('fl-002', 'e490f1ee-6c54-4b01-90e6-d701748f0852', (select id from auth.users limit 1))
on conflict (post_id, user_id) do nothing;

-- Demo Forum Comments
insert into public.forum_comments (id, post_id, author_id, content) values
  ('fc-001', 'e490f1ee-6c54-4b01-90e6-d701748f0851', (select id from auth.users limit 1), 'একটি গুরুত্বপূর্ণ আলোচনা। আমাদের মাদ্রাসায়ও একই সমস্যা বিদ্যমান।'),
  ('fc-002', 'e490f1ee-6c54-4b01-90e6-d701748f0851', (select id from auth.users limit 1), 'আমি মনে করি পাঠ্যক্রমে আরও বেশি গুরুত্ব দেওয়া উচিত ইসলামী অর্থনীতিতে।'),
  ('fc-003', 'e490f1ee-6c54-4b01-90e6-d701748f0852', (select id from auth.users limit 1), 'শিক্ষক নিয়োগে সবচেয়ে গুরুত্বপূর্ণ বিষয় হলো তাকওয়া ও ইলম।')
on conflict (id) do nothing;
